Strand,Repeat,Count
C,ATAGGG,0.000155
C,CTAGGG,0.000426
C,GTAGGG,0.000201
C,TAAGGG,0.001770
C,TCAGGG,0.000407
C,TGAGGG,0.000057
C,TTCGGG,0.000148
C,TTGGGG,0.000255
C,TTTGGG,0.000653
C,TTAAGG,0.000824
C,TTACGG,0.000069
C,TTATGG,0.000187
C,TTAGAG,0.000296
C,TTAGCG,0.000554
C,TTAGTG,0.000153
C,TTAGGA,0.000196
C,TTAGGC,0.000054
C,TTAGGT,0.000470
G,ATAGGG,0.000485
G,CTAGGG,0.000576
G,GTAGGG,0.000947
G,TAAGGG,0.000560
G,TCAGGG,0.000990
G,TGAGGG,0.000125
G,TTCGGG,0.000023
G,TTGGGG,0.000444
G,TTTGGG,0.000848
G,TTAAGG,0.000504
G,TTACGG,0.000022
G,TTATGG,0.000149
G,TTAGAG,0.000186
G,TTAGCG,0.001068
G,TTAGTG,0.000121
G,TTAGGA,0.000167
G,TTAGGC,0.000021
G,TTAGGT,0.000333
